{"\"}\\": [1.5745319910347462, 1.54497255012393], "1tt": [1.3683311119675636, 1.3384242355823517], "kz2": [1.5524267479777336, 1.5203359350562096], "4>;": [1.4577358774840832, 1.428742591291666], "8mh": [1.5707182623445988, 1.5419898480176926], "mt6": [1.55165970697999, 1.5159827135503292], ";?4": [1.4088508524000645, 1.3781903758645058], ":u}": [1.4187568202614784, 1.3897874802350998], "&:.": [1.5397798083722591, 1.5076926350593567], "97u": [1.5290308259427547, 1.4994534961879253], "cgu7": [2.8813141249120235, 2.8501038812100887], "$!c=": [1.5593098811805248, 1.5290609188377857], "ecbq": [1.4142043180763721, 1.384707037359476], "/[*/": [5.271774686872959, 5.242092736065388], "l5sw": [7.672940298914909, 7.643557842820883], "w$r9": [1.3972001411020756, 1.3680416718125343], "~}b[": [3.606114599853754, 3.5772941447794437], "njq>": [3.9805516488850117, 3.950561035424471], "rfj0": [1.9221618324518204, 1.8909423500299454], "nt21": [5.625191569328308, 5.596324235200882], ";(;&^": [27.353864543139935, 27.318844083696604], "pkd23": [144.98206877335906, 144.94899052754045], "bjpza": [80.7982052527368, 80.76097580045462], "?-=-*": [62.59650843590498, 62.56497736275196], "p13za": [160.36624859645963, 160.333995051682], "m.8^;": [37.216436099261045, 37.18144189566374], "x,\"+e": [2.017501801252365, 1.9834271520376205], "yoxiv": [71.91412552446127, 71.88004021346569], "21lwj": [12.669856157153845, 12.63563896343112], "',?%0": [3.153054863214493, 3.1201556250452995], ":!tm7l": [173.66119856014848, 173.63061180710793], "8ph1io": [2804.3042959310114, 2804.265953242779], "n=n[.\\": [448.77059533819556, 448.7363657280803], "w32v2p": [27.74332768842578, 27.707647312432528], ".!!lo=": [1675.8828178085387, 1675.8498172797263], "huu2ac": [1102.0411143302917, 1102.0049754939973], "x5778l": [1019.6172738783062, 1019.5854695290327], "cy0i9k": [1168.0624350942671, 1168.0252497196198], "bv+'#[": [106.80771847069263, 106.77633412182331], "(sn'p)": [26.47065829485655, 26.43654305487871], "t5}w!aj": [1748.5160403177142, 1748.4825265444815], "}()](i8": [15484.541877023876, 15484.5113767609], ".b,c%/]": [30415.595652658492, 30415.564644768834], "5m4ahzv": [38562.04533394426, 38561.97847080231], "3lcum1f": [24668.64606399089, 24668.600645598024], "sqh19gw": [3797.040897399187, 3797.0014855489135], "x?~nq^n": [26894.756273657084, 26894.701131287962], "zbipk8d": [6270.219836398959, 6270.188972398639], "ng14cby": [47678.2198038809, 47678.180369742215], "~o*g%+j": [26091.46450123936, 26091.423770930618]}